{"cameraMode":{"drawMode":0,"name":"Shaded","section":"Shading Mode"},"sceneLighting":true,"audioPlay":false,"sceneViewState":{"showFog":true,"showMaterialUpdate":true,"showSkybox":true,"showFlares":true,"showImageEffects":true,"showParticleSystems":true},"in2DMode":false,"pivot":{"x":-0.1102675199508667,"y":-1.7252418994903565,"z":4.31321907043457},"rotation":{"x":-0.21080216765403748,"y":-0.005864742211997509,"z":-0.0012649227865040303,"w":0.9775103330612183},"size":22.0,"orthographic":false}