{"cameraMode":{"drawMode":0,"name":"Shaded","section":"Shading Mode"},"sceneLighting":false,"audioPlay":false,"sceneViewState":{"showFog":true,"showMaterialUpdate":false,"showSkybox":true,"showFlares":true,"showImageEffects":true,"showParticleSystems":true},"in2DMode":false,"pivot":{"x":0.0,"y":0.9499995708465576,"z":3.576287781470455e-7},"rotation":{"x":-0.002291289158165455,"y":0.5238801836967468,"z":0.001408893964253366,"w":0.8517877459526062},"size":3.1350317001342775,"orthographic":false}