{"cameraMode":{"drawMode":0,"name":"Shaded","section":"Shading Mode"},"sceneLighting":false,"audioPlay":false,"sceneViewState":{"showFog":true,"showMaterialUpdate":false,"showSkybox":true,"showFlares":true,"showImageEffects":true,"showParticleSystems":true},"in2DMode":false,"pivot":{"x":-0.5299999713897705,"y":2.869999885559082,"z":4.259737491607666},"rotation":{"x":0.04404497891664505,"y":0.5116607546806336,"z":-0.0262767281383276,"w":0.8576555252075195},"size":3.1708202362060549,"orthographic":false}