{"cameraMode":{"drawMode":0,"name":"Shaded","section":"Shading Mode"},"sceneLighting":false,"audioPlay":false,"sceneViewState":{"showFog":true,"showMaterialUpdate":false,"showSkybox":true,"showFlares":true,"showImageEffects":true,"showParticleSystems":true},"in2DMode":false,"pivot":{"x":-0.2621205449104309,"y":-1.2798888683319092,"z":3.97646427154541},"rotation":{"x":0.033182717859745029,"y":-0.40529900789260867,"z":0.014722689054906369,"w":0.9134631752967835},"size":28.82592010498047,"orthographic":false}