{"cameraMode":{"drawMode":0,"name":"Shaded","section":"Shading Mode"},"sceneLighting":false,"audioPlay":false,"sceneViewState":{"showFog":true,"showMaterialUpdate":false,"showSkybox":true,"showFlares":true,"showImageEffects":true,"showParticleSystems":true},"in2DMode":false,"pivot":{"x":-24.530956268310548,"y":5.699853897094727,"z":70.58981323242188},"rotation":{"x":-0.002291289158165455,"y":0.5238801836967468,"z":0.001408893964253366,"w":0.8517877459526062},"size":221.53683471679688,"orthographic":false}