{"cameraMode":{"drawMode":0,"name":"Shaded","section":"Shading Mode"},"sceneLighting":false,"audioPlay":false,"sceneViewState":{"showFog":true,"showMaterialUpdate":false,"showSkybox":true,"showFlares":true,"showImageEffects":true,"showParticleSystems":true},"in2DMode":false,"pivot":{"x":1.5199999809265137,"y":0.5395225286483765,"z":4.259737491607666},"rotation":{"x":0.033182717859745029,"y":-0.40529900789260867,"z":0.014722689054906369,"w":0.9134631752967835},"size":2.878840208053589,"orthographic":false}