{"cameraMode":{"drawMode":0,"name":"Shaded","section":"Shading Mode"},"sceneLighting":false,"audioPlay":false,"sceneViewState":{"showFog":true,"showMaterialUpdate":false,"showSkybox":true,"showFlares":true,"showImageEffects":true,"showParticleSystems":true},"in2DMode":false,"pivot":{"x":-1.649999976158142,"y":3.440000057220459,"z":4.259737491607666},"rotation":{"x":0.04404497891664505,"y":0.5116607546806336,"z":-0.0262767281383276,"w":0.8576555252075195},"size":3.1659724712371828,"orthographic":false}