{"cameraMode":{"drawMode":0,"name":"Shaded","section":"Shading Mode"},"sceneLighting":false,"audioPlay":false,"sceneViewState":{"showFog":true,"showMaterialUpdate":false,"showSkybox":true,"showFlares":true,"showImageEffects":true,"showParticleSystems":true},"in2DMode":false,"pivot":{"x":2.5726606845855715,"y":1.055661678314209,"z":-3.5638370513916017},"rotation":{"x":-0.002291289158165455,"y":0.5238801836967468,"z":0.001408893964253366,"w":0.8517877459526062},"size":33.76785659790039,"orthographic":false}