{"cameraMode":{"drawMode":0,"name":"Shaded","section":"Shading Mode"},"sceneLighting":false,"audioPlay":false,"sceneViewState":{"showFog":true,"showMaterialUpdate":false,"showSkybox":true,"showFlares":true,"showImageEffects":true,"showParticleSystems":true},"in2DMode":false,"pivot":{"x":0.24453890323638917,"y":0.9630240201950073,"z":4.259737491607666},"rotation":{"x":0.033182717859745029,"y":-0.40529900789260867,"z":0.014722689054906369,"w":0.9134631752967835},"size":9.080232620239258,"orthographic":false}